{
  "SPHERE": {
    "5": {
      "SNAP": 0.002131683219779103,
      "CMA": 1.116997736996055e-15
    },
    "10": {
      "SNAP": 0.00382680045590284,
      "CMA": 3.3888416075038748e-12
    }
  },
  "RASTRIGIN": {
    "5": {
      "SNAP": 11.987833671746358,
      "CMA": 2.9848771712798765
    },
    "10": {
      "SNAP": 17.191972611748866,
      "CMA": 4.974795285483012
    }
  },
  "ROSENBROCK": {
    "5": {
      "SNAP": 1.7402084361603798e+47,
      "CMA": 3.9308394343018804
    },
    "10": {
      "SNAP": 1.3716571668188923e+68,
      "CMA": 3.6170598888684955
    }
  }
}