{
  "sphere": {
    "5": {
      "snap": 23.114943976267238,
      "cma": 2.4081724880889777
    },
    "10": {
      "snap": 15.936638786991699,
      "cma": 11.158858122977685
    }
  },
  "rastrigin": {
    "5": {
      "snap": 35.72465330892755,
      "cma": 12.01609695905097
    },
    "10": {
      "snap": 103.65751892274339,
      "cma": 67.27379386615974
    }
  },
  "rosenbrock": {
    "5": {
      "snap": 10626.105097546664,
      "cma": 465.98177594615305
    },
    "10": {
      "snap": 49993.54398124427,
      "cma": 5404.404991731379
    }
  }
}