{
  "SPHERE": 48.09084441998312,
  "RASTRIGIN": 131.01088694427412,
  "ROSENBROCK": 41913.15512569309,
  "ACKLEY": 8.841383831933562,
  "SCHWEFEL": 4166.060057408987
}