{
  "SPHERE": 0.009175533239005862,
  "RASTRIGIN": 77.53420287808649,
  "ROSENBROCK": 32377.09865674168,
  "ACKLEY": 6.141297902841714,
  "SCHWEFEL": 4155.19688908345
}