{
  "SPHERE": 40.698888403531214,
  "RASTRIGIN": 117.33737546127921,
  "ROSENBROCK": 44250.148201688,
  "ACKLEY": 8.239788186274613,
  "SCHWEFEL": 4172.816205561903
}