{
  "SPHERE": {
    "S7+": 0.009175533239005862,
    "CMA": 1.0,
    "diff": -0.9908244667609941,
    "effect_size": -0.981815773676884,
    "bootstrap": -0.9908244667609941
  },
  "RASTRIGIN": {
    "S7+": 77.53420287808649,
    "CMA": 50.0,
    "diff": 27.53420287808649,
    "effect_size": 0.21589661639433494,
    "bootstrap": 27.53420287808649
  },
  "ROSENBROCK": {
    "S7+": 32377.09865674168,
    "CMA": 5000.0,
    "diff": 27377.09865674168,
    "effect_size": 0.7324564945009815,
    "bootstrap": 27377.098656741673
  },
  "ACKLEY": {
    "S7+": 6.141297902841714,
    "CMA": 2.0,
    "diff": 4.141297902841714,
    "effect_size": 0.508677848074988,
    "bootstrap": 4.141297902841714
  },
  "SCHWEFEL": {
    "S7+": 4155.19688908345,
    "CMA": 2000.0,
    "diff": 2155.1968890834496,
    "effect_size": 0.35014264010015633,
    "bootstrap": 2155.19688908345
  }
}