{
  "SPHERE": 0.0079526301981865,
  "RASTRIGIN": 36.99767200277039,
  "ROSENBROCK": 34909.206814579506,
  "ACKLEY": 6.076043420343304,
  "SCHWEFEL": 4155.7878359871465
}