{
  "SPHERE": 0.0036352732195398803,
  "RASTRIGIN": 47.89158743558526,
  "ROSENBROCK": 29012.59037991322,
  "ACKLEY": 6.512142768638991,
  "SCHWEFEL": 4156.5757046596145
}