{
  "SPHERE": 0.006218916830544605,
  "RASTRIGIN": 40.024129397787256,
  "ROSENBROCK": 52499.04467762651,
  "ACKLEY": 7.5842112369172625,
  "SCHWEFEL": 4155.761779337531
}