{
  "sphere": {
    "5": {
      "snap_plus": 8.652449079091706,
      "random": 1.7246845489122895
    },
    "10": {
      "snap_plus": 88.06141881000165,
      "random": 14.999541591636568
    }
  },
  "rastrigin": {
    "5": {
      "snap_plus": 17.21613563408104,
      "random": 27.32668616767939
    },
    "10": {
      "snap_plus": 142.07791617340763,
      "random": 82.42232349508276
    }
  },
  "rosenbrock": {
    "5": {
      "snap_plus": 88613.31398714153,
      "random": 174.42077303022384
    },
    "10": {
      "snap_plus": 165109.703749715,
      "random": 3196.432020903934
    }
  }
}