{
  "sphere": {
    "5": {
      "snap_plus": 28.3993429631577,
      "random": 1.360779402389284
    },
    "10": {
      "snap_plus": 24.962722727060694,
      "random": 14.825451419406566
    }
  },
  "rastrigin": {
    "5": {
      "snap_plus": 72.41410740278127,
      "random": 27.42765691265773
    },
    "10": {
      "snap_plus": 118.07901886203763,
      "random": 73.55674270136339
    }
  },
  "rosenbrock": {
    "5": {
      "snap_plus": 2602.8532764920396,
      "random": 123.6629467311638
    },
    "10": {
      "snap_plus": 45308.25040661369,
      "random": 4738.338627818145
    }
  }
}