{
  "sphere": {
    "5": {
      "snap_pp": 13.94394348227427,
      "random": 1.4003321011283834
    },
    "10": {
      "snap_pp": 11.694485322585548,
      "random": 13.029687617840937
    }
  },
  "rastrigin": {
    "5": {
      "snap_pp": 24.868920887827624,
      "random": 23.060258261161344
    },
    "10": {
      "snap_pp": 119.44782766604548,
      "random": 91.86080214421105
    }
  },
  "rosenbrock": {
    "5": {
      "snap_pp": 35306.96242296163,
      "random": 48.91504388090267
    },
    "10": {
      "snap_pp": 8352.71944807199,
      "random": 7720.518928287468
    }
  }
}