{
  "sphere": {
    "5": {
      "snap_plus": 38.517493218729435,
      "random": 2.470932755490517
    },
    "10": {
      "snap_plus": 12.942062270788384,
      "random": 14.005269129507065
    }
  },
  "rastrigin": {
    "5": {
      "snap_plus": 37.321870182334735,
      "random": 23.34376674533304
    },
    "10": {
      "snap_plus": 127.07989552580472,
      "random": 70.42644796111094
    }
  },
  "rosenbrock": {
    "5": {
      "snap_plus": 8692.381390842362,
      "random": 50.63041181649403
    },
    "10": {
      "snap_plus": 105100.41501016261,
      "random": 6363.785966093596
    }
  }
}