{
  "sphere": {
    "5": {
      "snap_plus": 5.3305464713695665,
      "random": 2.769429397154223
    },
    "10": {
      "snap_plus": 29.08492165932313,
      "random": 26.212634308906573
    }
  },
  "rastrigin": {
    "5": {
      "snap_plus": 41.50938389679157,
      "random": 28.430288665421344
    },
    "10": {
      "snap_plus": 147.6552191365982,
      "random": 89.58586498479065
    }
  },
  "rosenbrock": {
    "5": {
      "snap_plus": 36553.882123897136,
      "random": 162.11023761396515
    },
    "10": {
      "snap_plus": 237246.3172370557,
      "random": 9430.411026854355
    }
  }
}